,0,1,2,3,4,5,6,7,8,9,10,11,12,13,14,15,16,17,18,19,20,21,22,23,24,25,26,27,28,29,30,31,32,33,34,35,36,37,38,39,40,41,42,43,44,45,46,47,48,49
0,sure,marshablackburn,tackle,rest,interesting,read,wtf,idiot,seats,newtgingrich,senator,okayğŸ˜‚ğŸ˜‚ğŸ˜‚,running,walkaway,trans,"
guncontrol",bluetsunami2018,inciting,girls,moron,nra,um,fuck,guilty,sacrifice,fire,imagine,smart,endgunviolence,fucked,kamalaharris,sheâ€™s,fr,theyâ€™re,nuts,,joke,hillaryclinton,agreed,krisvire,stillwithher,indivchisouth,danielbiss,younglings,vote,guns,real,nah,job,kidding
1,protected,chicago,violent,preventable,gunreformnow,message,holder,rest,brother,curb,nicolecliffe,shouldnâ€™t,frick,actual,drill,vital,fight4afuture,bet,students,madame,neighbor,everyone,gender,control,heard,training,astoundingly,agreeable,parents,hurts,liberals,obama,crazier,nra,civil,hillaryclinton,27,yeehaw,fuck,congress,ericholder,stfu,sickens,good,resistancerises,ğŸ’©ğŸ’©ğŸ’©ğŸ’©,ğŸ¤¬ğŸ¤¬ğŸ¤¬,votethemallout,omfg,votethemout
2,turnout,commit,gunsense,lives,hispanicheritagemonth,saves,"yall

active","drill

vote",tâ€¦,meds,gal,threats,losing,painful,reading,black,hillary,whack,dirty,students,used,fight,sank,even,point,parents,betoorourke,donation,snowflakes,job,respond,vote,sent,whet,also,ğŸ‘ŠğŸ‘ŠğŸ‘ŠğŸ‘ŠğŸ‘ŠğŸ‘ŠğŸ‘ŠğŸ‘Š,promote,runner,pleaseğŸ™„,real,hillaryclinton,yes,hurts,happnin,thread,roflmao,ğŸ¤£ğŸ¤£ğŸ¤£ğŸ¤£ğŸ¤£ğŸ¤£ğŸ¤£,blessherheart,fino,nuts
3,criminal,hocking,answer,lizziet12,working,bullshit,district,tomforwi,running,cbsnews,slow,badass,daniadams91,continue,speaks,whoever,pauls,rand,fired,weekend,pardon,wife,drill,thereâ€™s,short,film,reread,jongarysteele,twice,draiochta14,could,change,inciting,laws,vote,voteblue,hillaryclinton,donating,join,america,kids,guns,man,runner,fuck,ğŸ¤£ğŸ¤£good,absolutely,wtf,ğŸ’”ğŸ’”ğŸ’”,outrage
4,teachers,incompetent,hire,threat,sheltered,brave,situation,wow,sheâ€™s,cause,hildebrand,penny,police,disagree,realdonaldtrump,gender,guns,eric,predator,middle,bury,chicagos,victims,acts,solution,supporting,firearms,memo,â€œvictimâ€,gop,children,heartless,family,co,stafford,hurricane,vote,heavy,fire,question,disgusting,scps,drill,"notonemore
bluewave2018",without,end,fuck,davidhogg,lmfaooooo,"voteoutgop
voteoutnra"
5,worry,everyâ€¦,care,gop,glad,youre,hes,psychopathy,warmongering,health,problem,page,political,isâ€¦,veramsimilitude,ğŸ˜‚ğŸ˜‚ğŸ˜‚ğŸ˜‚,confirm,huge,mental,park,rand,child,thehill,kids,save,letâ€™s,tf,ruckus,taylor,davidhogg111,swift,hillaryclinton,least,states,foxnews,talk,,gender,shooting,upcoming,carelessness,ğŸ˜¥ğŸ’”,event,voteblue,help,school,unread,beautiful,yes,vote
6,jeffmerkley,bleed,vista,baby,chula,ted,onâ€¦,"entertainer
you",afb,lifted,lockdown,reports,dyess,sparkshow,whiteonwhite,caution,transphobia,dang,malarkey,surprise,tear,names,timâ€™s,rights,hillary,arâ€¦,hollowsfate,matthewlillard,saying,hillaryclinton,guns,stop,poverty,opioids,dying,toâ€¦,sort,fight4afuture,vital,true,brockhoused6,silence,overrated,message,another,actual,ğŸ™ƒğŸ™ƒğŸ™ƒğŸ™ƒ,propagandist,appreciate,bullshitğŸ¤¬ğŸ¤¬ğŸ¤¬ğŸ¤¢ğŸ¤®
7,depiction,tyleroakley,discussion,thinâ€¦,fact,identifies,child,due,thefloridarose,drunk,driving,workâ€¦,abortion,lower,eâ€¦,skipandpete,bucksexton,janicedonalson,liberal,gop,learn,amazing,student,rednecks,randpaul,mflynnjr,issues,leftdont,typical,mobruledemocrats,mob,factors,bringing,relevance,passing,major,recognition,daniadams91,honor,americans,parents,reported,activeshooter,crisis,surviving,techniques,whatdid,read,hillaryclinton,
8,picked,fight,laws,yendysthesage,incidence,strictest,dem,higâ€¦,amend,cos,control,end,arounâ€¦,rachelrgonzalez,generation,daughters,black,excluded,drill,allegedly,student,virginiaÂ school,trans,arent,major,rally,feâ€¦,sarahksilverman,gitmo,pushers,idiot,mob,women,keithboykin,inciting,disgusting,megawatts55,myers,interviewing,protesters,hypocrisy,clinton,legacy,guns,garbage,amazing,xx,caused,hillaryclinton,ğŸ˜ğŸ˜
9,research,zooming,dems,chicago,left,football,advocate,hypocritical,sarahksilverman,guns,murderous,definition,clintonthe,hilary,sociopath,hero,women,sad,arent,resistance,say,throw,whole,scene,"writing
visit",essays,articles,creative,tâ€¦,ends,learn,reduce,gunbail,picked,mama,bigger,veteran,control,holder,go,end,stops,away,gs,classy,parents,didnt,support,always,jcepc
10,allowed,clean,safe,encouraging,telling,starters,judge,shoot,halt,ne,ich,weine,info,rancherhills,laws,haha,liberal,discharge,shooting,nice,americans,referring,sethrich,classes,reduce,2a,respect,fucking,blame,drill,guns,civil,ist,rein,anzeige,maybe,accidental,hillaryclinton,partğŸŒŠğŸŒŠğŸ‡ºğŸ‡¸â¤ï¸ğŸ’ªğŸ¼ğŸ‡ºğŸ‡¸â¤ï¸ğŸŒŠ,list,lucywins2018,advice,vote,stupid,parents,marcorubio,please,sucks,woman,
11,shootings,cities,stricter,murders,plus,inciting,hillary,strap,worthy,advocate,miles,yet,staying,quietand,congress,shelter,students,yourâ€¦,checks,police,shooting,comment,gender,yikes,fake,part,nra,laws,exactly,wild,"lockdown
active",resist,problem,senrobportman,party,guy,promoting,prevent,kanye,weâ€™re,dckhead,,guns,impact,cis,im,ğŸ˜ƒğŸ‘,ğŸ‘ğŸ‘ğŸ‘,imagine,vote
12,statement,donate,needs,dumber,remake,pay,dr,police,work,voted,support,running,toâ€¦,situations,kanye,sent,dloesch,sarahksilverman,nothing,reduce,nra,idea,connecticut,meizel,hillaryclinton,cruncham,eric,holder,sack,country,wewillvote,wearethemob,schools,healthy,making,actual,important,guns,vote,nuts,,timeline,numbers,voteblue,aint,chicago,fuck,delusional,join,advocating
13,needed,timely,gender,stop,kamalaharris,dumb,county,stafford,fight4afuture,runnin,laws,never,fredguttenberg,tâ€¦,2018,student,even,eric,seat,armstrong,control,ny1,shame,wevoteoutrepublicans,situation,fucking,va07deservesbetter,va07,fear,gop,remember,outwithgop,weâ€™re,guns,angry,runner,apology,onion,training,drill,wearethemob,ericholder,man,educators,parklandnewtownlasvegas,chelzzayy,gunreformnow,grrrr,words,vote
14,crying,used,brad,saying,selection,holder,politician,advice,gender,care,buy,ampvoteğŸ‘ğŸ½,infront,jagratishukla29,emerges,reduce,seeing,pray,trans,thereâ€™s,city,many,talk,brutality,police,chi,fuck,running,drill,child,wrong,vote,excellent,natural,fuckin,minstrel,stfu,drills,guns,trained,,chicago,consider,well,mdrrr,cooooooooooooooooooooooooooooooooonğŸ¶ğŸµğŸ¶,hahahahahahahaha,anyways,huh,die
15,calling,prayers,fight,prevention,children,important,dropped,hello,americans,domestic,owners,stops,hero,boss,kids,child,realdonaldtrump,flotus,scary,hollywood,using,leftwing,grows,inevitably,died,blew,kidding,guns,dude,seen,infringed,jobs,yup,pissed,chicago,ugly,word,read,,vote,drill,steve,messed,scumbag,nra,lawsuit,leaderofthemob,randpaul,"nationalcomingoutday
disarmhate",mikelevin
16,violenceâ€¦,antigun,school,unique,fredguttenberg,wasnt,criminal,happned,asking,snake,concerned,okayalso,beâ€¦,money,darpa,shelter,solved,newtownaction,depend,aâ€¦,violent,situation,runner,sâ€¦,responsible,guns,training,imao,die,control,survivors,momsdemand,kanye,song,history,kick,chicago,schools,worried,kicked,children,work,laws,crime,inotherwords,vote,sorrywhat,"truthğŸ’¯
gunsense
govoteğŸ‡ºğŸ‡¸",less,gender
17,candidates,prevention,probably,end,supporters,kendrick,marcel,backwards,jobs,water,obviously,close,nra,taken,inâ€¦,droctagon,lgbtq,"rights
is",getoutthevote,holder,talking,law,lâ€¦,democrats,,matter,speak,story,problem,must,numbers,power,shooting,country,umm,biafra,partner,dats,guns,rational,yesssssssssssssssssssssssssssssss,dayofthegirl,russians,fuck,hole,odd,training,prison,chicago,house
18,sad,foxnews,oval,yes,advocate,runner,247,drill,reduce,furious,oâ€¦,americans,well,humanity,capital,nÃ£o,mentiu,larryelder,lots,said,nra,dumbass,exploitation,country,markerelli,momsdemand,correctly,cho,kanye,â¤ï¸â¤ï¸ğŸ‡ºğŸ‡¸ğŸ‡ºğŸ‡¸,guns,sauce,disarmhate,stop,,chicago,angrydemocratmob,specially,philandocastile,ğŸğŸğŸğŸ,wtf,ricagv1,stfu,arpacfr,ğŸ§¡ğŸ§¡ğŸ§¡,tds,damn,incredible,100,moron
19,"range

no",stupidity,hahaha,stands,gamer,redpilled,robprovince,convince,democrats,ill,facts,running,bafoon,,leave,problem,aâ€¦,based,republicans,solders,whatâ€™s,foxnews,iq,murdered,vote,chicago,ğŸ˜‚ğŸ˜‚ğŸ˜‚,donaldjtrumpjr,2adefender,dvssc2018,wow,nra,dragon,onion,rights,actual,man,ğŸ™„ğŸ˜¦,ğŸ˜¶ğŸ˜¶ğŸ˜¶ğŸ˜¶,okurrrr,boom,gottem,lmaaaaaaoooooooooooooooo,amen,hell,right,training,true,exactly,kanye
20,illegal,issue,use,honored,2a,rates,super,amendment,important,america,amen,preaching,students,ericholder,teller,omgkanye,runner,wrong,article,fightontwist,white,kanye,schools,tweet,stun,chicago,carry,ye,centrism,surreal,thing,legal,involved,bs,cares,based,radical,shooting,seriously,laws,true,techchauvinism,kanyewest2024,,ğŸ¤¬ğŸ˜¡ğŸ˜¡ğŸ¤¬ğŸ˜¡ğŸ¤¬ğŸ˜¡ğŸ¤¬,ğŸ‘ğŸ‘ğŸ‘ğŸ‘,thiccdio,gets,kanyewest,guns
21,focused,part,talking,ward,leaders,issues,people,folks,damn,simulation,tappin,schools,actual,guns,election,meddling,dloesch,blackgunsmatter,"course
majtoure",100,seriously,trumpâ€™s,nra,jonburnside,issue,barackobama,invasion,islamic,guarantee,focus,hammerdown,wdbj7,redwave2018,kaynewest,truthbetold,wsls,ericholder,dobetter,ğŸ™ƒğŸ™ƒğŸ™ƒ,came,correct,tweet,kanye,disgusted,chicago,facts,maga,scpschools,woah,wow
22,thâ€¦,kids,dear,superintendent,vibes,warrior,artwork,speak,guns,world,ie,gang,shoot,divide,gender,training,inâ€¦,fox,,gop,students,idiots,stevewestly,armys,keeps,america,many,nra,care,lost,kesha,acceptable,pro2a,huh,chicago,lol,true,lmfaooo,yo,excuse,lmaooooooo,21851,ğŸ˜‚ğŸ˜‚ğŸ˜‚ğŸ˜‚ğŸ˜‚ğŸ˜‚ğŸ˜‚ğŸ˜‚ğŸ˜‚ğŸ˜‚ğŸ˜‚ğŸ˜‚ğŸ˜‚ğŸ˜‚ğŸ˜‚ğŸ˜‚ğŸ˜‚ğŸ˜‚ğŸ˜‚ğŸ˜‚ğŸ˜‚ğŸ˜‚ğŸ˜‚ğŸ˜‚ğŸ˜‚ğŸ˜‚ğŸ˜‚ğŸ˜‚ğŸ˜‚ğŸ˜‚ğŸ˜‚ğŸ˜‚ğŸ˜‚ğŸ˜‚ğŸ˜­ğŸ˜­ğŸ˜­ğŸ˜­ğŸ˜­ğŸ˜­ğŸ˜­ğŸ˜­ğŸ˜­ğŸ˜­ğŸ˜­ğŸ˜­ğŸ˜­ğŸ˜­ğŸ˜­ğŸ˜­ğŸ˜­ğŸ˜­ğŸ˜­ğŸ˜­ğŸ˜­ğŸ˜­ğŸ˜­ğŸ˜­ğŸ˜­ğŸ˜­ğŸ˜­ğŸ˜­ğŸ˜­ğŸ˜­ğŸ˜­ğŸ˜­ğŸ˜­ğŸ˜­ğŸ˜­ğŸ˜­,ğŸ’–ğŸŒˆğŸ’—ğŸŒˆğŸ’™ğŸŒˆğŸ˜˜ğŸŒˆğŸ’œğŸŒˆğŸŒŸ,icon,yikes,lololol,lmfaoooooooooooooooooooooooo,yes,â¤ï¸
23,visionzero,candidates,shawn,speak,trans,student,tried,word,florida,really,beam,safety,jessdontstop,benghazi,schools,worse,idol,prouder,woke,talking,trigger,control,boy,yup,"stupid

gunsense",iâ€™d,againfuck,â¬‡ï¸,says,therealstylesp,kanye,shes,exactly,school,die,doin,runner,running,horrible,illinois,love,nutshell,guns,â¤ï¸â¤ï¸â¤ï¸,scared,voteğŸ‘‡,fitzfox5dc,embarrassing,ğŸ”¥ğŸ”¥ğŸ”¥ğŸ”¥,
24,isthis,jokin,ripstop,violencechange,regulations,ag,heart,states,resources,iamcanuck,soledadobrien,teenageâ€¦,indian,causes,right,action,officers,lfccws,employer,preparedness,chicago,moms,twill,illegal,20,ready,nra,judge,released,brucerauner,guns,gang,demand,song,brother,losing,breaks,ilgovdebate,powerful,surviving,fact,heâ€™s,tedcruz,fend,truth,yep,,bluewave,seattle,onwardtogether
25,ward,ğŸ¤·ğŸ»â€â™€ï¸,amo,lo,hiding,siriâ€,"silence

active",charts,explained,guncontrol,endgunviolence,iâ€™ve,abusive,leaving,option,lockerstuffing,emergency,us,leading,lost,parents,lives,depend,superb,students,safeampamp,confused,scapegoat,solutions,voteoutnraboughtpiticians,america,vote,guns,funniest,nra,betofortexas,commonsensegunlaws,repchrissmith,losecruz,liar,"doesnâ€™t
but",toters,ericholder,shame,gunsense,owned,care,international,,idiot
26,lived,domestic,furious,fast,yeah,sheâ€™s,chicago,washington,also,west,listening,hi,tâ€¦,beto,loudness,huge,madlibs,resentment,years,"all
additup",platform,uses,shawnmendes,guns,exercise,escc,held,ending,cuteiâ€™m,ericholder,victims,needs,goes,democrats,impacts,stevescalise,us,end,earth,campus,lock,advocate,"gun
running",yes,problem,brucerauner,abs5,ğŸ’ƒğŸ•ºğŸ¾,thread,sexy
27,ears,dloesch,legally,breaking,lawful,songmarkerelli,powerful,losing,gunna,nra,iâ€¦,datheetjoella,yesâ€”it,repetitive,hearingâ€¦,sorry,actors,movies,suing,sperm,billclinton,contribute,mothers,illinois,stop,deaf,shot,lost,brother,realdonaldtrump,owners,,salesman,outdo,anartdecodiva,unpreventable,awesome,flow,mexico,guns,sheep,sheepdog,drill,kharyp,shawnmendes,yes,runner,orlandorememerspulse,mimiwaltersca,damn
28,eric,promotes,"runner
lets",shot,two,doesnt,action,residents,nra,kimkardashian,nut,kenya,sheâ€™s,guns,injures,suburb,wisconsin,shaken,bury,victims,county,boy,reform,youth,educating,module,training,mwashburnart,bet,zombieapocalypse,proud,leaders,,student,excitedğŸ’–ğŸ’–ğŸ’–,soooo,youuu,andd,job,chicagos,chicago,shawn,seattle,dloesch,ridiculous,fuck,"e
d",rekt,runner,angrydemocratmob
29,gang,community,comments,brought,season,kids,mentions,criminal,urban,jim,tied,thoughts,telepathic,loosely,messed,fake,poor,awful,killed,yearâ€¦,toronto,reason,fail,implied,lives,last,definitely,gavinfree,promoting,wheres,steryotypical,obama,deaths,crimeviolencegun,guns,law,svu,29,kid,mentioned,tweets,saveamerica,votered,votedemout,others,boot,fightvoteredmidterms2018,kanye,,ğŸ‘‡ğŸ¾
30,right,boy,least,low,sit,trans,student,alone,drill,wounded,thursday,slain,residents,seen,violent,fact,resistance,ag,way,liked,unimaginableâ€¦,pray,child,fucking,illegal,discriminate,stupid,soledadobrien,building,problem,americans,petition,sign,school,secondammendment,gunrights,please,thomas1774paine,121817,pursuit,appeal,nov,vote,chicago,emotion,stop,lordwaifuisback,deserved,abolishthesecond,2018
31,pickxel3,thatâ€¦,participating,bigotry,kid,stopped,bathroom,accidents,jjturnupdamusic,alexvanstone,tryâ€¦,advocating,holder,racist,course,runner,chriscuomo,trump,"block
â€¢
philadelphiaâ€¦","pressplay
â€¢
meanwhile","northphiladelphia
â€¢
the",third,shooting,problem,tumblerette,pronoun,learn,"bigot
vs
dodge",imagine,shithole,literate,barely,threats,knows,ownershipâ€¦,kanye,end,leaders,odds,response,nra,debate,bullets,chicago,everytown,donate,,strip,gt,lmaoooooooooooooooooo
32,theres,abc,wing,hang,earth,roped,wedding,bomb,threat,mission,supposed,lâ€¦,reasons,barracks,wamagaisa,support,ptsd,survivor,suffer,kept,knife,student,political,al,"carpone

the",peopleâ€¦,hand,transgender,drill,sure,â€œactive,situationâ€,lissandravilla,jessieopie,â€œinfrastructureâ€,celebrities,involved,sphere,mess,parents,unacceptable,shunned,realize,lot,welltheres,edwinortizzz,anarchist,ericholder,lancaster,
33,issue,host,seizure,domestic,cases,change,local,prevent,slain,suntimes,thursday,linhbuiwjz,onâ€¦,wjz,unhingedleft,tried,gop,baseball,becauâ€¦,real,country,guess,inside,weird,dream,supermodels,supervisor,wasâ€¦,safety,studied,tâ€¦,role,wfpd,seminar,kauz,edufiveseminarnews,human,candidates,spot,â€˜active,school,debate,small,come,chicago,ğŸ’—ğŸ’—ğŸ’—,heâ€™s,condone,ğŸ¤¢ğŸ¤¢ğŸ¤¢ğŸ¤¬,icymi
34,talented,singersongwriter,markerelli,conservatives,control,looking,logo,"
would",unthinker,brainless,stupid,dangerousâ€¦,dudes,period,ethical,closest,receive,technology,berks,shannonrwatts,seewont,owner,belâ€¦,diehl,drill,student,guns,song,portfolio,"businesscard


order","


see",police,arm,mantel,fellow,room,conversation,roundtable,interested,participating,artists,nra,seminar,history,solution,host,wfpd,found,kanye,amen
35,runner,bldg,liberal,trainingbut,tacticalreview,future,ctvnews,reducing,aboâ€¦,crime,thirteencanuck,bathrâ€¦,yelled,searching,exercise,west,fake,wfpd,seminar,kauz,edufiveseminarnews,host,training,drill,asked,rounds,nra,momsdemand,abt,city,wounded,thursday,guns,chicago,clinton,powerful,students,invest,illegal,guess,donaldjtrumpjr,plans,song,help,realdonaldtrump,kanye,ericholder,ğŸ‡¨ğŸ‡¦,â˜®ï¸Â ğŸ‘ğŸ»,mma
36,knows,ericholder,democrat,wants,calm,urges,held,runner,history,kids,isihpodcast,interesâ€¦,secondamendment,conâ€¦,shootings,mass,cycle,momsdemand,around,seâ€¦,realdonaldtrump,fire,aqui,quero,isso,nÃ£o,health,mattxred,every,idiot,kanye,stevescalise,marcorubio,senatemajldr,foxandfriends,violenceâ€¦,faculty,,nra,hobby,bangers,causality,correlation,cities,sanctuary,guns,outraged,voteblue,maga,awesome
37,smell,painful,"

especially",attack,mass,hit,chicagomurdercount,chuckwoolery,associated,rates,increasing,danmoore1969,community,song,tired,shooting,blaming,mentally,ignorant,incident,wounded,children,shut,ericholder,pâ€¦,drills,vote,running,talking,communist,fuckers,godless,democratic,trump,chicago,fuckthenra,needs,hook,sandy,guns,vital,incredible,"
nora","gunreformnow
vote",powerful,meds,,nra,voteforourlives,archive
38,mob,petulant,kesha,gaypatriot,crime,tapper,factchecks,low,werenâ€™t,bad,school,kanye,yourÂ school,benchten,aimeemann,georgetakei,cycle,beings,studentshuman,â€œother,thursday,meeta,schools,children,inciting,thoughts,prevention,ericholder,vicious,march,jay,lives,ask,guys,america,prayers,embodies,training,killed,guns,sister,thetinydiplomat,songğŸ˜­,chicago,racism,chad,powerful,thingsâœ¨âœ¨this,fuck,marchforourlives
39,history,knifeâ€¦,democratic,korea,whatâ€¦,hiroshimaâ€™s,argument,scalise,niggas,crap,appalling,45000,incidents,memories,noâ€¦,communities,war,illegal,hollywood,research,laws,response,advocating,known,racist,swear,weedymcsmokey,gunlady,democrat,davidhogg111,brilliance,shouldnâ€™t,commie,says,violent,silly,telling,bring,indytenpoint,charlesharriso5,laughing,truth,training,socialistville,hacklady,soledad,ğŸ‘ğŸ‘ğŸ’¯ğŸ’¯,scary,true,dloesch
40,kickstarter,support,thâ€¦,demand,column,lives,readiness,surveillance,closer,crime,bunch,creative,doâ€¦,cities,realdonaldtrump,hey,yes,lady,loving,libs,soledadobrien,stuff,businesses,insurance,dloesch,prayers,reduce,gang,talk,drill,words,antigunviolence,chicago,tr,"violence

never",area,police,guns,austin,commonsense,guncontrol,dana,hearing,silly,,katiecouric,thisiswhyimademocrat,onlyluthor,ğŸ‘‡ğŸ‘‡ğŸ‘‡ğŸ‘‡,"gunsfreedom

liberalsfascism"
41,luluvotesblue,fredguttenberg,wiunion,wiright,teamtrace,davidfrum,maga,dnlnss,fool,problem,guâ€¦,mikezabel,pennsylvania,wonderful,drill,old,daca,whereâ€™s,share,gelles,sasyecat,prevention,son,excellent,ding,khanoisseur,betoorourke,children,potus,cycle,guns,alinaiv,louie,aaahh,melsloop,corybooker,chasejarvis,kids,laws,tomfitton,dloesch,nra,chicago,nickiknowsnada,news,ğŸ‘ğŸ‘Œ,voteforourlives,onstar,nbcpolitics,fucked
42,soledadobrien,hallway,irishicesp,solâ€¦,tucson,kesharose,mp,viraniarif,oâ€¦,beâ€¦,safe,shooting,fight,students,children,well,chicago,till,endless,reasons,moving,lead,surviving,somebody,news12nj,offends,promotes,student,liâ€¦,wtf,republicans,schools,vote,brainwashed,state,destruction,mob,prevention,presentation,guns,frieghtening,"wow
this",weâ€™re,meğŸ¤·ğŸ¾â€â™‚ï¸,fat,kesha,said,true,dloesch,drills
43,ugly,deadly,combination,nra,weapons,domestic,enthusiasm,operation,made,soledad,abused,toâ€¦,means,piersmorgan,students,happened,reason,intended,wouldnt,midterm,emma4change,marchforourlives,votenovember6th,kids,role,guntotingmoll,ğŸ—£amp,equilibrium,nash,children,rarted,choose,chika,training,huh,soledadobrien,va,1007,doesnt,context,wow,um,leader,chadfelixg,ğŸ‘ğŸ¼ğŸ‘ğŸ¼ğŸ‘ğŸ¼ğŸ‘ğŸ¼ğŸ‘ğŸ¼ğŸ‘ğŸ¼ğŸ‘ğŸ¼ğŸ‘ğŸ¼ğŸ‘ğŸ¼,exactly,ğŸ’”ğŸ’”ğŸ’”ğŸ’”,thread,coats,dab
44,emma4change,families,situation,guâ€¦,treecarverbill,yoâ€¦,affects,krizzi3,considering,expectus,marchforourlives,voteforourlives,youth,partnership,maddowblog,chrislhayes,maddow,lawrence,domestic,dems,stevescalise,violâ€¦,exercise,students,response,drill,stockpile,fuckthenra,military,killed,connecticut,recognized,bergergirvalo,lives,gunviolence,gets,,kesha,experience,joining,piersmorgan,music,meth,pipe,party,guns,training,â¤ï¸,2adefenders,dloesch
45,lie,cranley,load,murdered,wrote,repteddeutch,friendship,multiple,"reality

270","9

131270",usa,training,violeâ€¦,invest,oldmanebro,sajadfazahir,response,emma4change,nra,meth,xanax,command,police,reporting,history,andâ€¦,lives,relevant,global,owners,american,shootings,support,charter,worst,threatening,another,solution,dloesch,school,oldie,stevenjduffield,economist,mapping,found,isnâ€™t,guns,believechicago,attemployee,sheroes
46,innocent,authoritariâ€¦,letting,known,worried,schoolers,roams,halls,violenceâ€¦,governortomwolf,dreamer,numb,brokeâ€¦,"sobbing

i",congressionalÂ race,weighs,prevention,hashtags,bookofkatherine,dineshdsouza,josephwhite5150,law,domestic,chicago,"reality

270",groups,trigger,impactful,warning,emma4change,old,never,first,lives,votenovember6th,guns,group,kesha,gets,children,reduce,brings,jeniferlewis,lady,silly,cities,seconds,lol,enough,wat
47,reduce,seeks,group,death,shut,dana,loesch,voteblue,anna63,realjameswoods,reported,shout,kesha,threatened,chicagoâ€™s,glory,nobel,militia,regulated,methinks,shannon,expectus,america,ladyâ€,â€œsilly,goes,point,victims,honoring,tears,lives,seems,killed,omg,vote,cycle,laws,armament,wtaf,everytown,suicide,end,nra,threats,soledadobrien,hi,emma4change,â¤ï¸emma4change,styx666official,mob
48,youth,mrcolionnoir,since,brother,thou,shallâ€¦,asking,housedemocrats,mslmimmgrnt,suppose,bring,2008,events,cdc,gunviolence,report,family,unacceptable,thatsâ€¦,trained,kindergarteners,absolutely,domestic,shooting,others,cycle,mad,policy,130,reform,jpags,chicago,song,victims,join,snapped,lmao,momsdemand,kesha,2a,power,beautiful,smfh,,dana,nra,votenovember6th,endgunviolence,gabby,sillygunlady
49,labe,molon,commit,child,affected,consensus,fighting,include,survivors,asked,"do

ğŸ’ªğŸ¼ğŸ‡ºğŸ‡¸âœŠğŸ¼
â¤ï¸âœŒğŸ¼ğŸ™ğŸ¼","
momsdemand",shannonrwatts,"

thank",ready,kanye,domestic,guy,motherfucker,sense,health,emma4change,problems,trueamerica1st,trevorsoi,iâ€¦,works,shame,treating,absurd,poisoned,funny,weird,soledadobrien,thought,2a,schools,bro,dumpsterfire45,said,die,mouth,momsdemand,infatuated,correct,"wrong

not",guns,,ğŸ˜ğŸ™„ğŸ˜¢,vote
50,ugly,coyote,kindergarten,training,part,"death



were",tw,appropriaâ€¦,another,ballad,debuts,vote,brought,weighs,prevention,congressional,victims,would,toronto,grateful,takes,teachers,safe,kesha,antigun,celebrity,school,"antifa

sit",wing,terrorist,2nd,needs,thespianğŸ¤·ğŸ»â€â™€ï¸,song,rights,fucking,amazing,woman,country,broken,zensoul,wellregulated,fool,"well

cont",young,lol,"go
listen",america,emma4change,
51,shutupkanye,readabook,ğŸ“šğŸ“šğŸ“š,walla,fightâ€¦,passed,register,security,schools,putting,situations,students,intersections,domesticÂ violenceâ€¦,deadly,simulationim,minute,plays,films,câ€¦,flourish,sexy,school,help,march,riveting,keshas,lives,children,selfies,omarabdullah,grandchildren,beung,murdered,near,even,thats,training,xboxone,xbox,event,stuck,hillsboro,momsdemand,situation,pipe,meth,,true,fredguttenberg
52,create,33000,changeâ€¦,teach,mrcolionnoir,nratv,voteâ€¦,tedcruz,momsdemand,candidates,sorâ€¦,ashu21ster,silly,responsible,gautamgambhir,chooses,march,cycle,vicious,school,wonder,antigun,bills,marcmolinaro,root,liked,children,hereâ€™s,progressofakind,hillaryclinton,enjoyed,legacy,potus45,71year,weapon,semiautomatic,anâ€¦,nra,mexico,bury,chicagos,teachers,film,americans,victims,chicago,short,guns,unacceptable,ğŸ‘ğŸ¿ğŸ‘ğŸ¿ğŸ‘ğŸ¿ğŸ”¥ğŸ”¥ğŸ”¥
53,signs,wolf,gov,potus,jobs,go,lost,libertyhangout,"violence
video",disheartening,backpack,backwards,hug,infuriatedâ€¦,wave,brazil,videos,ganging,oâ€¦,children,prâ€¦,ethnicitys,theview,ending,chicago,support,drill,students,draws,swine,didnâ€™t,nratv,shoâ€¦,inflammatory,arekicking,weeks,kjr1963,c4yerself,mistakenly,officer,texas,realdonaldtrump,krystinaarielle,2018,telling,niece,ğŸ™ğŸ½,,control,nutshell
54,rising,many,wantâ€¦,transgender,virginia,drill,important,voting,molinaro,root,control,bills,black,gonzalez,variety,honoring,emma,victims,tears,students,crowded,trauma,related,placesâ€¦,lot,white,delaneytarr,falsely,schools,asserting,googlealerts,fight,hide,run,preparing,protesting,given,says,cop,duty,fife,barney,wtf,agreed,emma4change,balls,suck,flattery,yes,"â˜€ï¸ï¸ã€€ã€€

ğŸ¦ğŸ¦ğŸŸï¸ğŸ¦ğŸ¬ğŸ¬ğŸ—ï¸ğŸ¢ğŸ¦ğŸ¬ğŸ¢ğŸŸï¸
ğŸ˜ŸğŸ™„ğŸ˜§ğŸ˜¢ğŸ˜¤ğŸ˜’ğŸ˜£ğŸ¤¤ğŸ˜‘ğŸ‘®ğŸ¼â€â™€ï¸ğŸš™ğŸš•ğŸš—
ğŸ˜â˜¹ï¸ğŸ¤”ğŸ™ğŸ˜µğŸ˜²ğŸ˜¦ğŸ˜‘ğŸ‘®ğŸ¿â€â™€ï¸ğŸš•ğŸš•ğŸššğŸšŒ
ğŸ˜¤ğŸ˜©ğŸ˜–ğŸ˜¦ğŸ˜ğŸ˜²ğŸ˜¯ğŸ˜Ÿâ˜¹ï¸ğŸ‘®ğŸ¼â€â™€ï¸ğŸššğŸšğŸš—
ğŸ¢ğŸ¢ğŸ¢ğŸ›ï¸ğŸ¢ğŸ¢ğŸ¢ğŸ¨ğŸ›ï¸ğŸŒ³ğŸ›ï¸ğŸ¢
stop"
55,allow,convoluted,violenceâ€¦,humbly,minutes,"deficit
not","all
reduce",healthcare,"wall
beautiful",vacatiâ€¦,bopinion,okay,hat,oompa,loompas,wiff,amuuurikkka,reminder,attended,condoâ€¦,strong,residents,community,smirky,ass,stand,stopandfrisk,"chicago

presidentâ€¦",memo,donald,prescribe,yorker,kanye,antigun,joint,burger,situation,theres,guns,kesha,song,west,video,meaningful,pursuit,121817,grandparents,policy,lol,vote
56,researchand,appropriate,prohibit,politicians,yâ€¦,saying,allegation,sorryâ€¦,hasanthehun,mensa,murdered,due,addressing,xs,past,brandyshp,governmenâ€¦,difference,hundredsthousands,die,march,keshas,repeat,highlight,vicious,cycle,lives,kherman112,quinlankeaton,agree,stricter,lowâ€¦,population,nuts,conspiracy,races,blacks,murders,adamwhite720,commit,color,murderers,communitysols,undagroundaward,factual,awareness,ignored,nations,lack,children
57,talk,hoping,police,fb,becauseâ€¦,immediately,silenced,gutteridge44,icepam,snp,country,hotbed,topic,certainly,2nd,rights,amendment,online,love,students,walk,across,denver,herald,letâ€™s,pcp,cuz,tried,subdue,hâ€¦,"
just",stupid,produce,dems,equally,horrific,outcomes,chicâ€¦,talked,thecrazyswthrt,yegcanadian83,save,proteâ€¦,resistance,end,someone,fight,knife,bringing,much
58,ending,4socialdemus,dan40932365,franklingraham,oliver,politicians,skewers,mental,illness,john,marching,"aimlessly

just",protesting,itsrjhill,fight,sense,arizona,candidates,events,volunteer,playlist,ignorant,ofâ€¦,choosen,society,gain,mehboobamufti,us,kids,watch,theresistancevotes,wearetheresistance,emma4change,msdstrong,ğŸ¦ŠğŸ”¥ğŸŒŠğŸŒŠğŸŒŠğŸ‡ºğŸ‡¸,guns,realjameswoods,laws,gunâ€¦,bring,afraid,tour,film,short,filmmakers,aawic,antigun,citizen,response,
59,abuser,convicted,andâ€¦,hides,chicago,mariamsmusings,"thing

it",adult,comparing,conversationâ€¦,akamaozu,warrants,agesâ€¦,agreed,municipalprovincialfederal,slow,act,oh,laws,isnâ€™t,krendall2011,getâ€¦,kill,highest,sure,forget,advocating,inciting,pretty,riot,illegal,argue,film,stop,smh,past,died,shes,tragedy,initiative,anymore,debbie,vote,,truth,american,buyback,nypd,guns,kudos
60,pulls,mistakenly,officer,soledadobrien,stop,act,doesnâ€™t,cbsthismorning,ğŸ˜‚ğŸ˜‚ğŸ˜‚,domestic,world,nobody,madmagazine,ericholder,hillaryclinton,shortly,county,america,firearms,alâ€¦,health,dictator,orange,impeach,haired,aboutâ€¦,grew,border,seen,fear,offer,200,turn,training,drill,school,gunladyâ€,â€œsilly,left,yep,bless,â¤ï¸ğŸ‘ğŸ»ğŸ‡ºğŸ‡¸,letâ€™s,together,guns,idiot,nra,wing,sad,tho
61,titans7499,lowessafe,simulating,"
the",situation,reason,blaming,mentally,easy,leech,ms,elsewhere,whine,mad,indicator,liberaldemocratsocialistcommunist,stevescalise,inventions,brain,worldwide,deepstate,kanye,super,cycle,reduce,row,officialâ€¦iâ€™m,wyfd,kanyeeeeeee,ğŸ˜”ğŸ˜”ğŸ˜”ğŸ˜”,president,america,obama,nights,nra,benjamins,guncontrolnow,nraisaterroristorganization,guncontrol,studentwalkouts,kanyewest,â¤µï¸â¤µï¸,must,dloesch,guns,stop,fairweatherfederalism,ğŸ˜ğŸ¥°â˜ºï¸,"safertomorrow
gunreform
guncontrol
vote2018",omfg
62,fastguardserviceâ€¦,training,answer,elementary,americas,addiction,deadly,crime,johntory,spare,noam,lamdan,race,warrior,womana,remarkable,guns,torontoâ€™s,crisis,realizeâ€¦,awareness,march,12pm,students,gonzalez,emma,angel,emma4change,millchannel,deborrahs,school,ğŸ™ğŸ™ŒğŸŒğŸ”«ğŸ™,gop,violent,"
karolcummins",ericgarland,nra,america,go,yes,elpasooem,govparsonmo,kansasemergency,ilmansion,aremergencies,stwsema,fwoem,texassherman,govmaryfallin,vote
63,drill,violent,ğŸ™ğŸ™ŒğŸŒğŸ”«ğŸ™,chicago,breitbartnews,lol,civil,catsâ€¦,horrible,exciting,tednugent,leaders,obama,deaths,especially,gotta,mal,ema,mad,buckets,lives,fastguardsvc,america,climate,"
just",consists,ofyou,mikebloomberg,senwarren,board,vâ€¦,issues,hearing,officer,drills,fast,mr,person,safe,bensasse,guard,march,everybody,nra,pray,fire,end,bloomberg,stop,retweet
64,preventable,epidemic,largely,urgent,cbs,news,officer,law,inâ€¦,changing,gunsâ€¦,didnâ€™t,british,mikebloomberg,2020,hampshire,1010wins,children,control,fuck,dealing,demons,trauma,article,read,march,schools,warren,matter,america,proactive,victims,guns,moron,flip,coin,gop,hook,momsdemand,aganist,raise,student,sandy,lives,,actual,important,inspiring,jobotcoffeephx,haha
65,emma,discuss,wants,summit,tedcruz,sara4congress,candidate,il18,ban,violenceâ€,governor,easy,papachristos,tragic,gunculture2pt0,guns,shows,bag,top,afraid,bloomberg,mrcolionnoir,many,râ€¦,laws,wttw,womensmarchchi,end,sengillibrand,voting,action,momsdemand,plan,something,demand,lesson,speak,intelligent,cause,butâ€¦,calvar69,discussing,cronenbergâ€™s,congress,guncontrol,voteblue,â¤ï¸â¤ï¸â¤ï¸,gopcorruptionandcruelty,idea,gunsense
66,youth,hillaryclinton,lives,domestâ€¦,table,besmart,canvassing,wasnt,problem,senseless,caught,verified,toddbarry,dws,hating,pksoze,supermantweets,heidiwooley1,notfakenews,whoeverâ€¦,shirt,rifle,role,lost,amarch4ourlives,rise,pleasure,va,markherringva,stevescalise,students,see,cause,save,community,lunatic,â€œgun,stupidâ€,police,davidhogg111,short,breitbartnews,violent,guns,marching,film,koda,gardner,ha,really
67,alâ€¦,disgrace,ericholder,holder,left,continue,come,profession,begin,hazardous,occurred,guns,voting,understanding,obsessed,sengillibrand,gives,rid,"
parasites","greedy
old","
first",data,pardon,pisses,world,chris,challenged,mentally,helpful,studying,remarks,calling,peopleâ€¦,gunbail,reducing,law,thanks,hollywood,advocacy,healthprofrauch,criminals,crime,"ear
drugs",important,yes,american,laws,specifically,kidding,uscongress
68,thescriptdanny,america,group,youth,finds,going,"

",gunviolence,levitt,featuringâ€¦,hanging,pavilion,drill,speaking,regret,domestic,completely,texas,hero,community,congress,haveâ€¦,liked,stevescalise,fbi,amp,believe,denver,others,threatens,terrorist,film,read,breitbartnews,victim,something,prevent,supportemma,nationaltreasure,nra,short,,smart,march,tedcruz,johncornyn,canvass,guns,drxpsychologist,thread
69,thoughts,creatiion,practice,barricade,dead,cases,domestic,laws,toughens,pennsylvania,kanyewest,careful,â€œyou,event,nov,america,shootings,racking,keeps,hollywood,crime,door,prevention,important,momsdemandaction,vote4dady,saracares,il16,guns,"incidents
3","pa

3",injured,metclubnyc,danielledsouzag,concealâ€¦,senseless,chissÃ ,difference,violenceâ€,â€œmine,itâ€,tw,violencegenocideblood,congress,chicago,states,usatoday,budget,kanye,donâ€™t
70,erikkayser,johncusack,protesting,rockâ€¦,chuckwendig,mguggenheim,hired,actual,sengillibrand,grassrootsspeak,community,la,banning,times,black,davidhogg111,country,rights,â€œwe,gunâ€,metaphor,end,domestic,chicago,criminal,garry4chicago,loris,marches,gtgt,bit,said,doesnâ€™t,panel,cape,state,extreme,schools,chicagointhecrosshairs,injured,congress,seems,small,peen,gungang,omaha,glad,bro,thread,vettingbernie,barackobama
71,rally,wake,joke,insensitive,realize,unfunny,truly,kids,commitment,black,liberal,dropping,brother,gunna,marching,dismiss,"

gunsensecandidates",womens,"

votecourage","issue

voteforourlives",14,heavy,toronto,momsdemand,nra,vigil,nextdoor,crime,unnecessary,infuriating,guns,lotta,streets,leâ€¦,ğŸ¤£ğŸ¤£ğŸ¤£,political,speak,vâ€¦,american,action,,screeching,police,sad,women,pray,thehill,vote,baldwinsville,votes
72,tighten,thisâ€¦,wild,mistakenly,officer,pulls,momma,foxnews,news,training,seeks,gunviolence,reduce,baltimore,congress,mass,domestic,pcp,youâ€™ve,subdue,problem,barricaded,fucking,states,alabama,spencerfernando,summer,toronto,baldwinsville,bad,imagine,laws,thedemocrats,twittersupport,momsdemand,washington,ti,hahaha,state,drill,joebudden,agree,,franceshogg4,thegraviter,police,pro,promo,unfstudentunion,il06
73,affect,vicâ€¦,â€œyou,men,courage,strategy,john,cold,five,american,studentsdemandaction,citizens,oh,lives,important,massas,kaye,kudos,escaping,antigun,doleshistory,training,company,background,amazing,kids,us,unless,npc42354325,stop,pâ€¦,isnâ€™t,themes,thread,quality,letting,storiesuntoldus,teamenough,inspiration,sharing,nra,impacts,alladditup,guns,momsdemand,guy,ğŸ‘‡ğŸ‘‡ğŸ‘‡,,ummm,lmao
74,devastated,hurricanes,floridaâ€™s,hero,goddamm,emma4change,democrats,school,chicago,shooters,whaâ€¦,bully,audacity,activist,stopping,lt3â€¦,opportunity,rally,threats,move,pastordscott,welfare,peopâ€¦,youth,rights,nra,thedemocrats,twittersupport,toddcollins1984,yourthing,lifeatatt,believechicago,attemployee,important,vote,cnn,guns,erictrump,voting,control,give,edkohler,treecarverbill,agree,"situation
â„¹
ã€â„¹nfographicã€‘âœ¨massshooting",gunviolenceâ€¦,inspired,andrewgillum,jrnl2015,ğŸ˜–ğŸ¤”ğŸ™„ğŸ™„ğŸ™„
75,schools,grumpyoldedude,gunâ€¦,controls,federal,extensive,teamtrace,incorrect,wâ€¦,decision,governments,lobbied,comâ€¦,workplace,phrasesthatneedtogo,joke,philbryantms,considered,freâ€¦,important,responding,kanyewest,liveâ€¦,statement,mainstream,blacklivesmatter,protest,corruption,rightâ€™,â€˜advocate,realized,â€˜treat,song,hillarys,momsdemand,american,prayers,thoughts,especially,children,political,please,survive,missouri,sampt,control,naijapr,drill,stop,"ğŸŒ¥ï¸ã€€ã€€

ğŸ¢ğŸ¢ğŸŒ²ğŸ¢ğŸ¨ğŸ›ï¸ğŸ¦ğŸ¨ğŸ¦ğŸ¬ğŸ­ğŸ­
ğŸ˜¯ğŸ˜¨ğŸ˜µğŸ˜–ğŸ˜«ğŸ˜­ğŸ˜ğŸ˜ªğŸ˜°ğŸš“ğŸššğŸš—ğŸš•
ğŸ˜ªğŸ˜¥ğŸ˜µğŸ˜¡ğŸ˜®ğŸ™ğŸ¤ğŸ˜¬ğŸ‘®ğŸ¿ğŸšŒğŸš™ğŸššğŸš›
ğŸ˜§ğŸ˜”ğŸ™ğŸ˜”ğŸ˜²ğŸ˜¥ğŸ˜©ğŸ˜§â˜¹ï¸ğŸ‘®ğŸ¼ğŸš‘ğŸšğŸš—
ğŸ¢ğŸ›ï¸ğŸ¦ğŸ¢ğŸ­â›²ğŸ¦ğŸªğŸ›ï¸ğŸ¦â›²ğŸ›ï¸
stop"
76,unite,chika,hurricanes,thaâ€¦,doesnâ€™t,flgovscott,floridaâ€™s,voice,elect,representatives,acton,morrison4mn,norrieathomas,americans,33000,changeâ€¦,create,joined,disarm,helpless,fam,instrument,nonviolence,prosperity,ayravata,freegunlaws,group,lock,flipped,congress,nov,br,even,behavior,call,solutions,stopping,wonâ€™t,justice,demand,end,loris,marching,vote,gop,majority,,preschoolers,threadâ—ï¸â—ï¸â—ï¸,freedom
77,antigun,selma,gathering,timesâ€‘journalâ€¦,ture,educated,picking,kashmiri,wanâ€¦,others,betoorourke,kenpaxtontx,gregabbotttx,repkaygranger,petesessions,johncornyn,tedcruz,realdonaldtrump,ericholder,isnâ€™t,democracy,constitutional,secondly,republic,super,largest,safd,alsoâ€¦,exercise,hopefulâ€¦,efforts,"ğŸŒ¹

thank",loss,fredguttenberg,added,2018,1007,va,playlist,nra,fastgrowing,voters,gang,"abbotsford
cityvote2018",vote,dam,safe,wingnut,gunviolence,threadâ€¼ï¸
78,dandrasimmons,everytown,huh,practicing,shannonrwatts,rangeâ€¦,activity,"oregon
a",state,wouldnt,dare,mob,interesting,seems,event,fraser,valley,murders,goÂ vote,scoop,continues,division,responding,dasvdist,veh,dr,room,happen,10,saturday,around,tweets,tell,shot,making,packed,13000â€¦,blocked,emma4change,"wrong

again
and",backwardshattv,asmith702,pass,chicago,killed,tweeted,fuckyoudana,lies,media,
79,teenage,trips,adult,summerâ€¦,liked,updated,murders,valley,fraser,continues,scoop,comment,health,spreading,disease,crime,violent,treating,division,responding,beat,action,wake,respected,responsible,solely,based,fact,gunsâ€¦,put,money,stop,many,shooting,zones,murdering,exclusive,faith,survivor,married,golddiger,orange,forgot,recently,rapper,definitely,yup,short,film,walkaway
80,cod,cape,election,laws,asksâ€¦,vote,voters,affected,weâ€™reâ€¦,connecting,registering,country,communities,marchforourlives,traveled,help,student,pressurepoints,sharpshooter,campus,shot,survivor,exclusive,action,thereâ€™s,loâ€¦,faith,killed,threatening,sheâ€™s,anyone,less,world,chicagomurdercount,saturday,chicago,deserves,totally,flotus,satsuma,needs,baltimore,curb,billgates,guncontrolnow,editorial,activeshooter,training,brave,faithnation
81,deregulation,markets,iâ€¦,us,matter,sexual,victim,transportation,healthcare,lack,systemic,racism,gerrymanderingâ€¦,damonandjo,universal,cool,columbine,head,bowling,specially,pops,parâ€¦,every,momsdemand,kyleruggles,need,porn,desk,misses,turns,clerk,af,ğŸ¤¦â€â™‚ï¸,shot,yeah,allowed,research,jldoggett1,andrewpollackfl,event,respond,reality,shouldnâ€™t,dirty,care,trained,blaming,flotus,,chicago
82,realtt2020,democrat,potential,assholes,convicted,continue,criminal,criminals,americans,organizations,demoâ€¦,antifa,womens,afraid,demobrats,blm,marie,crandall,reduce,surgeon,jacksonville,floridaâ€¦,trauma,business,exâ€¦,illegal,provision,sengillibrand,multijo1,leaders,blame,politicians,oliver,skewers,john,illness,worse,crime,search,banned,knife,ceo,blood,strauss,levi,guns,billy,"gore
feed",warning,â˜¹ï¸
83,domestic,nysopdv,tells,advocating,talbertswan,affects,wounded,incidents,rifle,dead,everytown,city,call,understand,prevent,statistics,giffords,causing,desmond,uncle,absolutly,dossâ€¦,blame,seems,expectancy,thâ€¦,walk,students,common,elementary,laws,forgetting,placing,killed,situation,control,illegal,nra,action,dsingh831,theview,mgyllenhaal,logic,across,brave,100,relate,guns,npc4476432776,facts
84,knows,violencâ€¦,"is
christians",choir,"remedy
i",faithâ€¦,high,laws,shooting,fight,beto,mass,everytown,iowa,agencies,training,city,bsâ€¦,organization,splattered,owners,sounds,gthom07,involved,isâ€¦,youd,shootings,wormtail,sooner,grandpa,safer,community,speaking,endgunviolence,summit,advocacy,children,another,apc,guns,davidhogg111,school,balls,marches,loris,tedcruz,base,navy,congress,"novemberiscoming
votebluetosaveamerica
bluewave"
85,ny,cousin,hood,circumstances,dead,constantly,supporting,parkland,solution,wounded,saturday,taking,curious,genuinely,unreasonable,november,voteblue,podernfamily,podsincolor,nelson,blaming,bill,none,dumbasses,scottclimatechange,notscott,neverrickscott,univmiami,floridastate,uf,end,rick,easy,dem,aka,change,chicago,flvote,guns,gop,scott,vote,,redtiderick,florida,"nigeria
this",everynightthing,delaneytarr,stoprickscott,support
86,seems,sadly,health,killed,joke,guncontrol,endgunviolence,gunsense,shame,disgraceembarrassment,launch,epic,vigorous,campaign,morningâ€¦,"

iâ€™m",davidhogg111,talk,gonna,scott,dislikes,look,idiots,church,isnâ€™t,thesocawarrior,argentina,imagine,voting,full,cnn,tedcruz,chicago,censored,nra,wellregulated,reelect,cc,mistakenly,senbillnelson,guns,rick,story,"violence
neveragain
gunreformnow",strigoi,florida,vote,needs,jokozlowski,lol
87,2a,respect,"

mob",base,wholesome,texas,activeshooter,lawenforcement,military,reâ€¦,spiceygirl512,randpaul,"
notice",republican,world,ğŸ˜­ğŸ˜­ğŸ˜­ğŸ˜­ğŸ˜­ğŸ˜­ğŸ˜­,diana,earl,medicarethief,killed,hypocrisy,please,maga,davidhogg111,"going
ive",evacuated,tennessee,bradwenstrup,fired,incident,naval,shot,nra,millington,liberal,robreiner,,guns,planet,walkaway,florida,scary,proud,stop,ticket,thank,votenelsonvotegillum,votebettervotebeto,ğŸ˜’ğŸ˜¶,guys
88,everytown,right,say,elect,men,die,choice,likely,crisis,part,reason,washington,safe,senbillnelson,wake,ğŸ¤¦ğŸ½â€â™€ï¸ğŸ˜‚,aye,scientistbut,dumber,health,white,momsdemand,joe,base,ban,near,topic,images,attend,horrible,lives,florida,vote,deter,representation,clown,insane,"ğŸ—³
votebluetosaveamerica",votebetoforamerica,truly,tedcruz,true,attitude,fema,problemduh,guncontrol,amen,ğŸ‘‡ğŸ¼ğŸ‘‡ğŸ¼ğŸ‘‡ğŸ¼,,scott
89,families,america,gangsta,yellabeezy,environment,scourge,texas,tweeting,violeâ€¦,post,powerful,dreamt,andrewquackson,returnofhans,stopâ€¦,rest,censored,voters,distribution,approach,voteblue,davidhogg111,guns,scott,rick,nra,us,explains,away,,spot,clearly,dumb,flapol,shooting,bans,double,cuzzoğŸ™ğŸ¾ğŸ™ğŸ¾ğŸ¤¦ğŸ¾â€â™‚ï¸,standard,praying,vote,senbillnelson,florida,sista,caught,huh,votethemout,ğŸ¤¦ğŸ½â€â™‚ï¸ğŸ“‰,sundaymorning,thread
90,emma,school,rid,governor,world,killed,child,everything,bait,throw,official,fired,seriously,problems,safety,obsessed,nutjob,owners,jones,protecttheenvironment,bluewave2018,msnbc,nbcout,courtneyforhd26,transgender,vote,moms,wwg1wga,stopped,bum,decisionğŸ¤”ğŸ¤¦ğŸ½â€â™‚ï¸,logic,denial,strategy,maga,control,momsdemand,guns,gross,wowi,wrong,stop,acceptable,omfg,ludditesagainstclimatechange,wow,lmao,wtf,america,moron
91,davidhogg111,momsdemand,girls,fighting,condone,pindrop,family,many,name,dropped,nothingâ€¦,epidemic,started,owner,advocate,yamiche,kelly,tâ€¦,cdc,talk,ended,bhamboi205,beef,weather,discussion,nbcout,chicago,militia,podsincolor,podernfamily,backed,trumpsters,nra,jokes,ğŸ‘ŒğŸ˜‚ğŸ‘Œ,,geoengineered,theâ€¦,killed,florida,school,megvagyunk,kÃ¶szÃ¶nÃ¶m,vote,naijapr,guns,molest,norighttokill,omgnoway,trumpster
92,yungzeldas,answer,become,congress,trumper,incredible,pennsylvania,protest,idea,stoâ€¦,boast,heck,join,fbi,la,youth,notawitch,xd,panel,put,x0xbradx0x,whenever,police,control,,ending,written,"mp
please",enough,rednationrising,votedemsout,drill,triggered,davidhogg111,sacrifice,internettaraowo,people,dnc,guns,ğŸ‘ŠğŸ”¥ğŸ¤¬,wild,vote,kennel,submit,thanks,florida,stop,benghazi,backwards,votegillum
93,made,place,glover,wore,pro,scream,brutality,domestic,tell,violeâ€¦,orourkekennedy,kennedyorouke,chicagosmayor,perspective,youth,lurie,dealing,keshaâ€™s,somebody,broken,agencies,film,florida,dumping,bra,death,betoorourke,naijapr,control,commies,short,needs,obviously,chill,situation,accountable,investigatehold,nra,jbofromsuwanee,chicago,victims,libtards,america,drills,job,awesome,start,ğŸ’•ğŸ’•,whthompson,vote
94,evannforbes,shitface,nasty,wounded,follow,vigil,plans,kaitmarieox,wâ€¦,florida,south,experience,floridagop,devastations,floridavoters,spreading,"

this",healthier,iisuperwomanii,saturday,laws,clowns,innocent,guns,end,seeking,donations,rights,chicagâ€¦,surprising,west,city,guess,killed,senate,nra,voter,joe,victims,fault,running,momsdemand,worked,votebluenovember6th,chicago,antwan,wtf,"i

votebillnelson

voteblue

votebillnelson",booooooğŸ‘ğŸ¼ğŸ‘ğŸ¼ğŸ‘ğŸ¼ğŸ‘ğŸ¼ğŸ‘ğŸ¼ğŸ‘ğŸ¼ğŸ‘ğŸ¼ğŸ‘ğŸ¼,ğŸ¤¦ğŸ¼â€â™€ï¸
95,chanasacks,narrative,podcastplug,"thoughts

chc",topics,hotbutton,student,spiceygirl512,town,montelwilliams,protection,preventable,rcjackson,streets,youth,governor,divisive,somebody,shxt,lose,todayâ€™s,workshop,teaser,category,corner,telâ€¦,street,guns,velsmells,thâ€¦,vigil,country,shot,chicago,deal,issue,local,drill,wrong,shooting,name,spelled,amazinglagann,giffords,campaigns,levin,loughlinreese,america,google,senbillnelson
96,followeâ€¦,victims,gofundme,ha,domestic,west,definitely,purpose,love,reduce,candidates,elected,education4libs,sirwahlie,guns,write,texas,lynchburg,likeâ€¦,party,firearm,gop,issue,levin,campaigns,giffords,change,sandyhook,nothing,hillarys,prevention,massachusetts,kayayou,poo,tube,violent,,committed,stop,virginia,momsdemand,letâ€™s,"say
end",forevertown,flight22u14,jaiwilliamsnc,davidhogg111,normalizing,senseless,vote
97,types,heads,jammallemy,taking,siliconvalley,biased,socialist,guessed,gunâ€¦,orangewaveinnovember,votetosavelives,takeitback,tx22,safe,dancing,fbi,kidding,incident,address,forgotten,control,several,revmariama,bpsengage,ritchy,betoorourke,victim,vote,naomi,wadler,training,millennials,24days,exactly,gop,america,suicidescount,precious,breaks,second,cases,sorry,guns,man,,governor,wo,jammal,nra,hmmkarma
98,black,problem,hubweek,hogg,panelists,lives,davidhogg111,dems,boost,rhetoric,thehill,rep,amandademme,heck,nra,isnt,paint,picture,guncontrol,endgunviolence,gunsense,training,smh,town,fredguttenberg,focusing,readingby9,episode,another,please,guns,promoting,nonramoney,"neverforget
standupforhumanrights",drump,incites,gunviolenceâ€¦,"situation
â„¹
ã€â„¹nfographicã€‘âœ¨massshooting",jammalğŸ˜¢ğŸ’”,sorry,family,,sending,amplify,betofortexas,ğŸ™ğŸ¾ğŸ™ğŸ¾,lmaoooooo,leadership,climatechangeisreal,vote
99,hopeless,surviâ€¦,voting,heartbreaking,oviedoer,make,read,summit,brilliant,florida,gas,station,fredguttenberg,loss,violent,seems,end,jammallemy,grieve,southpark,apcentralregion,reason,nation,lose,cousin,nelson,skeletor,scary,base,scott,rick,control,selinaeshraghi,drill,student,crazy,senbillnelson,pass,common,fortcampbell,,guns,children,robot,andrewgillum,davidhogg111,outchea,america,redtiderick,emma4change
100,disgusting,fired,stg,usa,south,florida,worst,louder,pretend,hear,guns,cannot,teachers,shamed,idiot,fort,campbell,believing,sheâ€™s,2013,breakdown,oviedoer,fortcampbell,peace,representation,joekennedy,repjoekennedy,"
betoorourke",scott,invited,civilian,response,training,problem,trash,americans,victim,people,rickscott,us,provoke,threaten,worse,smileeallday,saying,â¤ï¸â¤ï¸â¤ï¸,crazy,philly,lol,suicidebyfirearmisgunviolence
101,33000,joined,help,changeâ€¦,member,deer,2drinkminimum,high,ran,"contd

as",rescue,rescuing,within,everyone,baldwin,badass,alecbaldwin,republicans,shrug,spit,kids,victims,pooâ€¦,losses,theâ€¦,anâ€¦,provoked,kaitmarieox,melanienicole52,darrylmeadowslp,sorry,texas,understand,tech,deal,rewind,march,suicide,tedcruz,family,shouldnt,randal4040,theunsilent,risk,wamyn,families,"
closernation",conservativecensorship,wait,agree
102,insentient,enemy,antigunviolence,writers,heaâ€¦,hypocritical,administration,helop,tunrs,almost,justified,shoâ€¦,rhetoric,penalty,backâ€¦,november,6th,letâ€™s,hear,humans,chicago,stopping,wow,gunÂ violence,deaths,lindadhoward,belong,hold,video,sorry,democrat,mar,owe,school,club,wants,sunday,wounded,11,result,blue,children,resist,control,issues,guns,liked,,vote,stop
103,chicago,baltimoreâ€¦,addressed,meanwhile,publicly,hold,politics,theâ€¦,apart,torn,however,cycle,vicious,highlight,violenceâ€¦,march,keshas,repeat,walking,jumped,chased,fights,tw,seemâ€¦,replying,therynheart,help,kaitmarieox,melanienicole52,darrylmeadowslp,wileyofannin,commits,sanders,hypocrite,birth,forced,action,survivor,faith,exclusive,sunday,lives,"violence

",fema,banallguns,bet,guns,control,victims,ffs
104,brings,edge,worst,yup,threatening,buzzsr,kaitmarieox,sarcasâ€¦,pull,"ğŸ™„ğŸ˜’

hint",struggle,survival,toronto,victims,face,cruel,recovery,politician,believes,stems,doug,fords,sexlessness,fools,craziescowards,nra,whore,pimps,chrâ€¦,orphan,christmas,winterâ€™s,parents,"
winter",shooting,mod,support,summit,student,canada,saw,doesnâ€™t,lead,america,argue,owning,guns,community,tedcruz,gunbail
105,ciâ€¦,"texas
texas",targets,schools,safer,violenceif,davidhogg111,inâ€¦,"violence
","change
","lifetimes

",marginally,list,climate,cbsnews,2vote,anythinâ€¦,weigh,2do,neither,party,bully,considered,although,blessings,aubreywilkerson,lose,toronto,culture,morals,policing,loose,sunday,exclusive,survivor,wake,faith,vote,better,blue,soberaf,community,cleanandsober,onedayatatime,beto,leaders,bs,transmisia,cn,
106,illness,blame,john,skewers,politicians,closely,mirror,philipmartin247,davidhogg111,rates,silence,moments,congress,â€œthis,rhymeswithbacon,20,abortionâ€¦,prolife,defundplannedparenthood,womensmarch,"ğŸ™ğŸ™ğŸ™

tinylivesatstake","
plannedmurder",around,americâ€¦,senseless,preventable,related,tw,rights,last,law,victim,loss,hes,campbell,fort,corner,became,violenâ€¦,ted,awfulness,cruz,,votenovember6th,voteblue,elections,consequences,yes,dontboovote,paratus2014
107,usaperiod,"
police",voted,diehlforsenate,keep,foxandfriends,morningjoe,cspanwj,newday,"



",prevention,amp,newyorker,clearly,libtards,dankmemes,myth,maybe,death,less,story,vote,republican,hope,children,end,many,reduce,info,2a,pew,drills,control,florida,vp,addressing,ron,deracistwhy,guns,schools,lives,fraud,medicaid,convicted,seriously,agenda,davidhogg111,saving,,votebluetosaveflorida
108,story,playlist,stories,austin,guns,dont,families,glorifying,firearms,many,victims,black,biggest,rise,rooted,syracuse,letter,poverty,shot,sport,drills,saturday,short,votebluetosaveamerica,reasons,27,beantownamorous,roxburyruf,stupid,stop,myth,clearly,libtards,film,wounded,leaders,prayers,schools,fatally,florida,killed,,fight,bullet,hopeful,cbc,happen,thank,ğŸ˜¡ğŸ˜¡ğŸ˜¡,voteblue
109,defend,beâ€¦,numbers,tired,function,job,health,thâ€¦,actual,prepared,skills,pole,use,florida,drills,chloeashburne,threatened,issue,victims,lives,technically,rblakejacobs,violenceâ€¦,committing,someone,conversation,ğŸ™ğŸ™sorry,sincerelybobak,gregynels,jeffrake,america,emagwaven,hear,prayers,chicago,schools,requiredÂ reading,report,howmanymore,accept,vote,must,guns,davidhogg111,peace,amazing,stayalertstayarmed,voteandrewgillum,asshole,plus
110,uterus,deny,heres,together,alot,andrewpollackfl,praying,violenceâ€¦,shoot,gwenjmccoy,causation,ryanafournier,talk,domestic,peaceful,netflix,single,withoutâ€¦,shannonrwatts,awesome,store,brucein,helenmariabw,root,weâ€™ve,situation,nr8,partners,chrismurphyct,isnt,law,lives,fucking,americans,davidhogg111,loss,carry,kaitmarieox,kids,take,training,going,guns,fml,nra,erinkelly1219,idiot,government,vote,community
111,saturdays,shooting,violencâ€¦,americans,areas,also,priceâ€¦,falsely,countless,strength,cbiz,insurance,third,t3,warrior,davidhogg111,weve,threatening,lost,heres,alert,cthagod,tragic,threatning,scott,toxic,hispanic,rico,machismo,ban,skyliina,condone,judaskenobi,poverty,many,head,fire,police,,situation,bring,teh,2ndğŸ˜­ğŸ˜­ğŸ˜­,fio,frequent,america,shot,reality,training,thread
112,safety,officer,save,lives,event,brown,education,training,violent,problem,laws,10,women,nra,shoot,school,vegasfightpn,los,insulting,protect,injured,climophobe,senate,gop,control,provoking,headline,btw,corruptgoptraitors,anti,filled,morons,threatening,selinaeshraghi,3600,compared,critical,candidates,kids,unborn,afterwards,hypocritical,crazy,violenâ€¦,students,dumba,sarahhuckabee,davidhogg111,babyjails,gaslightinggasbag
113,kicked,florida,happen,grieve,inspiration,shannonrwatts,"agenda
typical",chicago,heonthehill,advocacy,count,â˜•ï¸,dems,shooting,discussion,vital,rich,administration,sarahpalinusa,bâ€¦,issue,dad,victim,domestic,ninja,couldnt,evidencebased,commonsense,gunlaws,women,intense,probing,interview,pro,thought,safety,sarah,victims,schools,america,nhew,momsdemand,hypocrite,rluquis29,lives,guns,soumyadeep81,bruh,endgunviolence,woulda
114,point,guns,music,giffords,nationwide,rise,incidents,kaitmarieox,criminals,please,victims,ollie,lot,issue,mountain,midterms2018,registration,blah,except,condone,ppl,massachusetts,view,crisis,children,little,sit,handle,prevention,national,killed,soledadobrien,fifth,scumbag,sistahhhh,betoorourke,america,join,valid,stop,promoting,date,fred,thread,woman,â¤â¤â¤â¤â¤â¤,sdabroward,teamgillum,lmfaooooooooooooo,last
115,prevent,voice,wading,nathaniel,rateliff,politics,kaitmarieox,could,considering,mikiesherrill,canvassing,stan,cycle,legitimately,suicides,resort,training,suggested,issue,made,congress,threatens,wrong,sad,action,life,difference,bless,victims,governortomwolf,says,,sagesebert,chika,nothing,teachers,club,guns,davidhogg111,shot,ğŸ˜­ğŸ™ŒğŸ¼,heleentouquet,drchrisdolan,huxter,vote,arm,legends,â¤ï¸ğŸ–¤ğŸ’œğŸ§¡ğŸ’›ğŸ’šğŸ’™,ğŸ˜¢ğŸ™ğŸ’œğŸ™,agreed
116,â€œi,marcorubio,"families

nra",sellout,global,offers,parkland,adult,banned,office,laws,parent,via,shoot,kaitmarieox,training,missed,location,ac,theatres,guns,fredguttenberg,dd214,hide,sorting,gender,prevention,safety,victims,vote,momsdemand,democrats,davidhogg111,partywonder,nra,closest,money,favorite,loosing,band,end,hubweek,waste,stand,,whatâ€™s,infowarscrew,markharrisnyc,jaywebbernj,kanyewest
117,ğŸ˜©ğŸ˜”,loved,solve,armed,poor,dems,claimed,march,cause,picture,review,buchanan,also,straight,obstructionists,newyorker,vote,scripts,weapons,adults,lauracarno,copolitics,worst,cities,governortomwolf,fool,especially,join,affects,kaitmarieox,kids,died,issue,idiocracy,fruition,lives,deshitless,happen,,bs,melt,guns,"insane
nogunsinschools",lefty,cages,fighting,shannonrwatts,hypocrites,redtiderick,ğŸ¥°ğŸ˜ğŸŒˆğŸ’™
118,senseless,protest,suck,ri,representing,davidcicilline,florida,wâ€¦,hâ€¦,rateliff,politics,nathaniel,wading,america,embrace,didnâ€™t,gop,concerned,guncontrol,nrabloodmoney,"enough
nraisaterroristorganization",plan,promote,involved,geenie76,steetsâ€¦,released,change,guns,end,value,cbc,bullet,bonito,sos,demand,entire,nra,kaitmarieox,inciting,victims,tremendous,happened,oleg,needs,one,voteblueforcommonsensegunregulation,repchrissmith,"standupforhumanrights
nonramoney
voteblue",jc
119,lying,11,images,value,stand,threatened,voters,christmas,people,bloviating,ğŸ‡¨ğŸ‡¦,bogus,laws,inciting,jan,get,va07debate,woman,racism,country,ff,wounded,complaints,firearms,feckless,shes,prevention,scott,florida,climate,neveragain,onedollarguncontrol,hillaryclinton,guns,presssec,issue,sunday,plan,sarah,born,stevenhoggett,ğŸ˜â¤ï¸,merry,jersey,"

ğŸ‘‡",spanbergerva07,dlfforum,hell,wtf,would
